<?xml version="1.0" encoding="utf-8" standalone="yes"?>
<rss version="2.0" xmlns:atom="http://www.w3.org/2005/Atom">
  <channel>
    <title>Squadcast API on Squadcast Developers</title>
    <link>https://developers.squadcast.com/api/</link>
    <description>Recent content in Squadcast API on Squadcast Developers</description>
    <generator>Hugo -- gohugo.io</generator>
    <language>en</language><atom:link href="https://developers.squadcast.com/api/index.xml" rel="self" type="application/rss+xml" />
    <item>
      <title>API documentation</title>
      <link>https://developers.squadcast.com/api/documentation/</link>
      <pubDate>Mon, 01 Jan 0001 00:00:00 +0000</pubDate>
      
      <guid>https://developers.squadcast.com/api/documentation/</guid>
      <description>API documentationGo to apidocs.squadcast.com External link icon Open external link for documentation of all of Squadcast&amp;rsquo;s API endpoints.</description>
    </item>
    
  </channel>
</rss>
