<?xml version="1.0" encoding="utf-8" standalone="yes"?>
<rss version="2.0" xmlns:atom="http://www.w3.org/2005/Atom">
  <channel>
    <title>Quickstart on Squadcast Developers</title>
    <link>https://developers.squadcast.com/terraform/</link>
    <description>Recent content in Quickstart on Squadcast Developers</description>
    <generator>Hugo -- gohugo.io</generator>
    <language>en</language><atom:link href="https://developers.squadcast.com/terraform/index.xml" rel="self" type="application/rss+xml" />
  </channel>
</rss>
